"id";"name";"is_active";"is_bookie";"is_exchange";"is_broker";"is_sharp";"is_soft";"is_global";"is_local";"local_country_id";"allowed_in_se";"provider_id";"provider_webName";"provider_webUrl";"provider_active";"provider_isNew";"provider_newTo";"provider_preferredCountryID"
1;"Interwetten";1;1;0;"\N";"\N";"\N";"\N";0;0;"\N";"1";"Interwetten";"interwetten";"y";0;"0";"0"
2;"bwin";1;1;0;"\N";"\N";"\N";"\N";0;0;"\N";"2";"bwin";"bwin";"y";0;"0";"0"
3;"bet-at-home";1;1;0;"\N";"\N";"\N";"\N";0;0;"\N";"3";"bet-at-home";"bet-at-home";"y";0;"0";"0"
4;"Centrebet";0;1;0;"\N";"\N";"\N";"\N";0;0;"\N";"4";"Centrebet";"centrebet";"n";0;"0";"0"
5;"Unibet";1;1;0;"\N";"\N";"\N";"\N";0;0;"\N";"5";"Unibet";"unibet";"y";0;"0";"0"
7;"Betsson exch.";0;0;1;"\N";"\N";"\N";"\N";0;0;"\N";"7";"Betsson exch.";"betsson-exch";"n";0;"0";"0"
8;"Stan James";0;1;0;"\N";"\N";"\N";"\N";0;0;"\N";"8";"Stan James";"stan-james";"n";0;"0";"0"
9;"Expekt";1;1;0;"\N";"\N";"\N";"\N";0;0;"\N";"9";"Expekt";"expekt";"y";0;"0";"0"
10;"PartyBets";0;1;0;"\N";"\N";"\N";"\N";0;0;"\N";"10";"PartyBets";"partybets";"n";0;"0";"0"
11;"Gamebookers";0;1;0;"\N";"\N";"\N";"\N";0;0;"\N";"11";"Gamebookers";"gamebookers";"n";0;"0";"0"
12;"Canbet";0;1;0;"\N";"\N";"\N";"\N";0;0;"\N";"12";"Canbet";"canbet";"n";0;"0";"0"
14;"10Bet";1;1;0;"\N";"\N";"\N";"\N";0;0;"\N";"14";"10Bet";"10bet";"y";0;"0";"0"
15;"William Hill";1;1;0;"\N";"\N";"\N";"\N";0;0;"\N";"15";"William Hill";"william-hill";"y";0;"0";"0"
16;"bet365";1;1;0;"\N";"\N";"\N";"\N";0;0;"\N";"16";"bet365";"bet365";"y";0;"0";"0"
17;"Blue Square";0;1;0;"\N";"\N";"\N";"\N";0;0;"\N";"17";"Blue Square";"blue-square";"n";0;"0";"0"
18;"Pinnacle";1;1;0;"\N";"\N";"\N";"\N";0;0;"\N";"18";"Pinnacle";"pinnacle";"y";0;"0";"0"
19;"Sports Interaction";0;1;0;"\N";"\N";"\N";"\N";0;0;"\N";"19";"Sports Interaction";"sports-interaction";"n";0;"0";"0"
20;"5Dimes";0;1;0;"\N";"\N";"\N";"\N";0;0;"\N";"20";"5Dimes";"5dimes";"n";0;"0";"0"
21;"Betfred";1;1;0;"\N";"\N";"\N";"\N";0;0;"\N";"21";"Betfred";"betfred";"y";0;"0";"0"
23;"DOXXbet";0;1;0;"\N";"\N";"\N";"\N";0;0;"\N";"23";"DOXXbet";"doxxbet";"n";0;"0";"0"
24;"Betsafe";1;1;0;"\N";"\N";"\N";"\N";0;0;"\N";"24";"Betsafe";"betsafe";"y";0;"0";"0"
26;"Betway";1;1;0;"\N";"\N";"\N";"\N";0;0;"\N";"26";"Betway";"betway";"y";0;"0";"0"
27;"888sport";1;1;0;"\N";"\N";"\N";"\N";0;0;"\N";"27";"888sport";"888sport";"y";0;"0";"0"
28;"Ladbrokes";0;1;0;"\N";"\N";"\N";"\N";0;0;"\N";"28";"Ladbrokes";"ladbrokes";"n";0;"0";"0"
29;"Sunmaker";0;1;0;"\N";"\N";"\N";"\N";0;0;"\N";"29";"Sunmaker";"sunmaker";"n";0;"0";"0"
30;"BoyleSports";1;1;0;"\N";"\N";"\N";"\N";0;0;"\N";"30";"BoyleSports";"boylesports";"y";0;"0";"0"
31;"Intertops";1;1;0;"\N";"\N";"\N";"\N";0;0;"\N";"31";"Intertops";"intertops";"y";0;"0";"0"
32;"Betclic";0;1;0;"\N";"\N";"\N";"\N";0;0;"\N";"32";"Betclic";"betclic";"n";0;"0";"0"
33;"NordicBet";1;1;0;"\N";"\N";"\N";"\N";0;0;"\N";"33";"NordicBet";"nordicbet";"y";0;"0";"0"
34;"Bodog";0;1;0;"\N";"\N";"\N";"\N";1;47;"\N";"34";"Bodog";"bodog";"n";0;"0";"47"
35;"Eurobet";0;1;0;"\N";"\N";"\N";"\N";1;98;"\N";"35";"Eurobet";"eurobet";"n";0;"0";"98"
38;"Sportingbet";0;1;0;"\N";"\N";"\N";"\N";0;0;"\N";"38";"Sportingbet";"sportingbet";"n";0;"0";"0"
39;"Betdaq";0;0;1;"\N";"\N";"\N";"\N";0;0;"\N";"39";"Betdaq";"betdaq";"n";0;"0";"0"
40;"Sportbet";0;1;0;"\N";"\N";"\N";"\N";0;0;"\N";"40";"Sportbet";"sportbet";"n";0;"0";"0"
41;"mybet";0;1;0;"\N";"\N";"\N";"\N";0;0;"\N";"41";"mybet";"mybet";"n";0;"0";"0"
43;"Betsson";1;1;0;"\N";"\N";"\N";"\N";0;0;"\N";"43";"Betsson";"betsson";"y";0;"0";"0"
44;"Betfair Exchange";1;0;1;"\N";"\N";"\N";"\N";0;0;"\N";"44";"Betfair Exchange";"betfair-exchange";"y";0;"0";"0"
45;"Chance.cz";1;1;0;"\N";"\N";"\N";"\N";1;62;"\N";"45";"Chance.cz";"chance-cz";"y";0;"0";"62"
46;"iFortuna.cz";1;1;0;"\N";"\N";"\N";"\N";1;62;"\N";"46";"iFortuna.cz";"ifortuna-cz";"y";0;"1340025478";"62"
47;"MAXITIP.cz";0;1;0;"\N";"\N";"\N";"\N";1;62;"\N";"47";"MAXITIP.cz";"maxitip-cz";"n";0;"0";"62"
49;"Tipsport.cz";1;1;0;"\N";"\N";"\N";"\N";1;62;"\N";"49";"Tipsport.cz";"tipsport-cz";"y";0;"0";"62"
53;"bwin.it";1;1;0;"\N";"\N";"\N";"\N";1;98;"\N";"53";"bwin.it";"bwin-it";"y";0;"0";"98"
54;"Bet24";0;1;0;"\N";"\N";"\N";"\N";0;0;"\N";"54";"Bet24";"bet24";"n";0;"0";"0"
55;"Noxwin";0;1;0;"\N";"\N";"\N";"\N";0;0;"\N";"55";"Noxwin";"noxwin";"n";0;"0";"0"
56;"188BET";1;1;0;"\N";"\N";"\N";"\N";0;0;"\N";"56";"188BET";"188bet";"y";0;"0";"0"
57;"Jetbull";0;1;0;"\N";"\N";"\N";"\N";0;0;"\N";"57";"Jetbull";"jetbull";"n";0;"0";"0"
59;"BetUS";0;1;0;"\N";"\N";"\N";"\N";0;0;"\N";"59";"BetUS";"betus";"n";0;"0";"0"
60;"Paddy Power";0;1;0;"\N";"\N";"\N";"\N";0;0;"\N";"60";"Paddy Power";"paddy-power";"n";0;"0";"0"
64;"Sports Alive";0;1;0;"\N";"\N";"\N";"\N";0;0;"\N";"64";"Sports Alive";"sports-alive";"n";0;"0";"0"
67;"Internet1x2";0;1;0;"\N";"\N";"\N";"\N";0;0;"\N";"67";"Internet1x2";"internet1x2";"n";0;"0";"0"
68;"BetCRIS";0;1;0;"\N";"\N";"\N";"\N";0;0;"\N";"68";"BetCRIS";"betcris";"n";0;"0";"0"
69;"Bookmaker";0;1;0;"\N";"\N";"\N";"\N";0;0;"\N";"69";"Bookmaker";"bookmaker";"n";0;"0";"0"
70;"Tipico";0;1;0;"\N";"\N";"\N";"\N";0;0;"\N";"70";"Tipico";"tipico";"n";0;"0";"0"
71;"Coral";0;1;0;"\N";"\N";"\N";"\N";0;0;"\N";"71";"Coral";"coral";"n";0;"0";"0"
72;"bets4all";0;1;0;"\N";"\N";"\N";"\N";0;0;"\N";"72";"bets4all";"bets4all";"n";0;"0";"0"
73;"Leonbets";1;1;0;"\N";"\N";"\N";"\N";0;0;"\N";"73";"Leonbets";"leonbets";"y";0;"0";"0"
74;"Skybet";0;1;0;"\N";"\N";"\N";"\N";0;0;"\N";"74";"Skybet";"skybet";"n";0;"0";"0"
75;"SBOBET";1;1;0;"\N";"\N";"\N";"\N";0;0;"\N";"75";"SBOBET";"sbobet";"y";0;"0";"0"
76;"BetVictor";1;1;0;"\N";"\N";"\N";"\N";0;0;"\N";"76";"BetVictor";"betvictor";"y";0;"0";"0"
77;"Players Only";0;1;0;"\N";"\N";"\N";"\N";0;0;"\N";"77";"Players Only";"players-only";"n";0;"0";"0"
78;"BetOnline";0;1;0;"\N";"\N";"\N";"\N";0;0;"\N";"78";"BetOnline";"betonline";"n";0;"0";"0"
79;"BetDSI";0;1;0;"\N";"\N";"\N";"\N";0;0;"\N";"79";"BetDSI";"betdsi";"n";0;"0";"0"
80;"12BET";0;1;0;"\N";"\N";"\N";"\N";0;0;"\N";"80";"12BET";"12bet";"n";0;"0";"0"
81;"betoto";0;1;0;"\N";"\N";"\N";"\N";0;0;"\N";"81";"betoto";"betoto";"n";0;"0";"0"
82;"Heroes Sports";0;1;0;"\N";"\N";"\N";"\N";0;0;"\N";"82";"Heroes Sports";"heroes-sports";"n";0;"0";"0"
86;"Bet7days";0;1;0;"\N";"\N";"\N";"\N";0;0;"\N";"86";"Bet7days";"bet7days";"n";0;"0";"0"
87;"digibet";0;1;0;"\N";"\N";"\N";"\N";0;0;"\N";"87";"digibet";"digibet";"n";0;"0";"0"
88;"Legends";0;1;0;"\N";"\N";"\N";"\N";0;0;"\N";"88";"Legends";"legends";"n";0;"0";"0"
89;"Sports-1";0;1;0;"\N";"\N";"\N";"\N";0;0;"\N";"89";"Sports-1";"sports-1";"n";0;"0";"0"
90;"BetGun";0;1;0;"\N";"\N";"\N";"\N";0;0;"\N";"90";"BetGun";"betgun";"n";0;"0";"0"
91;"BetPhoenix";0;1;0;"\N";"\N";"\N";"\N";0;0;"\N";"91";"BetPhoenix";"betphoenix";"n";0;"0";"0"
92;"Island Casino";0;1;0;"\N";"\N";"\N";"\N";0;0;"\N";"92";"Island Casino";"island-casino";"n";0;"0";"0"
93;"The Greek";0;1;0;"\N";"\N";"\N";"\N";0;0;"\N";"93";"The Greek";"the-greek";"n";0;"0";"0"
97;"Stryyke";0;1;0;"\N";"\N";"\N";"\N";0;0;"\N";"97";"Stryyke";"stryyke";"n";0;"0";"0"
98;"Superbahis";0;1;0;"\N";"\N";"\N";"\N";1;191;"\N";"98";"Superbahis";"superbahis";"n";0;"0";"191"
99;"World Sports Exchange";0;1;0;"\N";"\N";"\N";"\N";0;0;"\N";"99";"World Sports Exchange";"world-sports-exchange";"n";0;"0";"0"
100;"Sportsbook";0;1;0;"\N";"\N";"\N";"\N";0;0;"\N";"100";"Sportsbook";"sportsbook";"n";0;"0";"0"
101;"Paf";0;1;0;"\N";"\N";"\N";"\N";0;0;"\N";"101";"Paf";"paf";"n";0;"0";"0"
103;"Redbet";0;1;0;"\N";"\N";"\N";"\N";0;0;"\N";"103";"Redbet";"redbet";"n";0;"0";"0"
105;"totepool";0;1;0;"\N";"\N";"\N";"\N";0;0;"\N";"105";"totepool";"totepool";"n";0;"0";"0"
106;"betChronicle";0;1;0;"\N";"\N";"\N";"\N";0;0;"\N";"106";"betChronicle";"betchronicle";"n";0;"0";"0"
107;"Betboo";0;1;0;"\N";"\N";"\N";"\N";1;191;"\N";"107";"Betboo";"betboo";"n";0;"0";"191"
108;"Sports";0;1;0;"\N";"\N";"\N";"\N";0;0;"\N";"108";"Sports";"sports";"n";0;"0";"0"
109;"Oddsmaker";0;1;0;"\N";"\N";"\N";"\N";0;0;"\N";"109";"Oddsmaker";"oddsmaker";"n";0;"0";"0"
110;"Betonline247";0;1;0;"\N";"\N";"\N";"\N";0;0;"\N";"110";"Betonline247";"betonline247";"n";0;"0";"0"
111;"Instant Action Sports";0;1;0;"\N";"\N";"\N";"\N";0;0;"\N";"111";"Instant Action Sports";"instant-action-sports";"n";0;"0";"0"
112;"Betinternet";0;1;0;"\N";"\N";"\N";"\N";0;0;"\N";"112";"Betinternet";"betinternet";"n";0;"0";"0"
113;"Betcruise";0;1;0;"\N";"\N";"\N";"\N";0;0;"\N";"113";"Betcruise";"betcruise";"n";0;"0";"0"
114;"Justbet";0;1;0;"\N";"\N";"\N";"\N";0;0;"\N";"114";"Justbet";"justbet";"n";0;"0";"0"
115;"Bet770";0;1;0;"\N";"\N";"\N";"\N";0;0;"\N";"115";"Bet770";"bet770";"n";0;"0";"0"
118;"Extrabet";0;1;0;"\N";"\N";"\N";"\N";0;0;"\N";"118";"Extrabet";"extrabet";"n";0;"0";"0"
119;"Goalwin";0;1;0;"\N";"\N";"\N";"\N";0;0;"\N";"119";"Goalwin";"goalwin";"n";0;"0";"0"
120;"Circlebet";0;1;0;"\N";"\N";"\N";"\N";0;0;"\N";"120";"Circlebet";"circlebet";"n";0;"0";"0"
121;"Titanbet";0;1;0;"\N";"\N";"\N";"\N";0;0;"\N";"121";"Titanbet";"titanbet";"n";0;"0";"0"
122;"EurosportBET";0;1;0;"\N";"\N";"\N";"\N";0;0;"\N";"122";"EurosportBET";"eurosportbet";"n";0;"0";"0"
123;"Bet911";0;1;0;"\N";"\N";"\N";"\N";0;0;"\N";"123";"Bet911";"bet911";"n";0;"0";"0"
124;"Luxbet";0;1;0;"\N";"\N";"\N";"\N";0;0;"\N";"124";"Luxbet";"luxbet";"n";0;"0";"0"
125;"Bestbet";0;1;0;"\N";"\N";"\N";"\N";0;0;"\N";"125";"Bestbet";"bestbet";"n";0;"0";"0"
127;"Bestake";0;0;1;"\N";"\N";"\N";"\N";0;0;"\N";"127";"Bestake";"bestake";"n";0;"0";"0"
128;"youwin";1;1;0;"\N";"\N";"\N";"\N";0;0;"\N";"128";"youwin";"youwin";"y";0;"0";"0"
129;"bwin.fr";1;1;0;"\N";"\N";"\N";"\N";1;77;"\N";"129";"bwin.fr";"bwin-fr";"y";0;"0";"77"
130;"Tobet";0;1;0;"\N";"\N";"\N";"\N";0;0;"\N";"130";"Tobet";"tobet";"n";0;"0";"0"
131;"EurosportBET.fr";0;1;0;"\N";"\N";"\N";"\N";1;77;"\N";"131";"EurosportBET.fr";"eurosportbet-fr";"n";0;"0";"77"
132;"SAjOO FR";0;1;0;"\N";"\N";"\N";"\N";1;77;"\N";"132";"SAjOO FR";"sajoo-fr";"n";0;"0";"77"
134;"ParionsWeb.fr";0;1;0;"\N";"\N";"\N";"\N";1;77;"\N";"134";"ParionsWeb.fr";"parionsweb-fr";"n";0;"0";"77"
135;"betWize";0;1;0;"\N";"\N";"\N";"\N";0;0;"\N";"135";"betWize";"betwize";"n";0;"0";"0"
136;"BetBeast";0;1;0;"\N";"\N";"\N";"\N";0;0;"\N";"136";"BetBeast";"betbeast";"n";0;"0";"0"
137;"Bet Victor";0;1;0;"\N";"\N";"\N";"\N";0;0;"\N";"137";"Bet Victor";"bet-victor";"n";0;"0";"0"
138;"BetRedKings";0;1;0;"\N";"\N";"\N";"\N";0;0;"\N";"138";"BetRedKings";"betredkings";"n";0;"0";"0"
139;"France Pari";1;1;0;"\N";"\N";"\N";"\N";1;77;"\N";"139";"France Pari";"france-pari";"y";0;"0";"77"
140;"Betclic.it";0;1;0;"\N";"\N";"\N";"\N";1;98;"\N";"140";"Betclic.it";"betclic-it";"n";0;"0";"98"
141;"Betclic.fr";1;1;0;"\N";"\N";"\N";"\N";1;77;"\N";"141";"Betclic.fr";"betclic-fr";"y";0;"0";"77"
142;"Bets10";0;1;0;"\N";"\N";"\N";"\N";0;0;"\N";"142";"Bets10";"bets10";"n";0;"0";"0"
143;"Sportingbet.au";0;1;0;"\N";"\N";"\N";"\N";0;0;"\N";"143";"Sportingbet.au";"sportingbet-au";"n";0;"0";"0"
144;"Partybets.fr";0;1;0;"\N";"\N";"\N";"\N";0;0;"\N";"144";"Partybets.fr";"partybets-fr";"n";0;"0";"0"
145;"BetVictor.de";0;1;0;"\N";"\N";"\N";"\N";0;0;"\N";"145";"BetVictor.de";"betvictor-de";"n";0;"0";"0"
146;"AllYouBet";0;1;0;"\N";"\N";"\N";"\N";0;0;"\N";"146";"AllYouBet";"allyoubet";"n";0;"0";"0"
147;"Dafabet";1;1;0;"\N";"\N";"\N";"\N";0;0;"\N";"147";"Dafabet";"dafabet";"y";0;"0";"0"
149;"Interwetten.es";1;1;0;"\N";"\N";"\N";"\N";1;176;"\N";"149";"Interwetten.es";"interwetten-es";"y";0;"0";"176"
150;"LBapuestas";0;1;0;"\N";"\N";"\N";"\N";1;176;"\N";"150";"LBapuestas";"lbapuestas";"n";0;"0";"176"
151;"Miapuesta";0;1;0;"\N";"\N";"\N";"\N";1;176;"\N";"151";"Miapuesta";"miapuesta";"n";0;"0";"176"
152;"Triobet";0;1;0;"\N";"\N";"\N";"\N";0;0;"\N";"152";"Triobet";"triobet";"n";0;"0";"0"
153;"PMU FR";0;1;0;"\N";"\N";"\N";"\N";1;77;"\N";"153";"PMU FR";"pmu-fr";"n";0;"0";"77"
154;"32Red Bet";0;1;0;"\N";"\N";"\N";"\N";0;0;"\N";"154";"32Red Bet";"32red-bet";"n";0;"0";"0"
155;"Totosi";0;0;0;"\N";"\N";"\N";"\N";0;0;"\N";"155";"Totosi";"totosi";"n";0;"0";"0"
156;"Getwin";0;1;0;"\N";"\N";"\N";"\N";0;0;"\N";"156";"Getwin";"getwin";"n";0;"0";"0"
157;"Unibet.it";1;1;0;"\N";"\N";"\N";"\N";1;98;"\N";"157";"Unibet.it";"unibet-it";"y";0;"0";"98"
158;"Sportsbet.com.au";0;1;0;"\N";"\N";"\N";"\N";0;0;"\N";"158";"Sportsbet.com.au";"sportsbet-com-au";"n";0;"0";"0"
159;"Sisal";0;1;0;"\N";"\N";"\N";"\N";0;0;"\N";"159";"Sisal";"sisal";"n";0;"0";"0"
160;"Unibet.fr";1;1;0;"\N";"\N";"\N";"\N";1;77;"\N";"160";"Unibet.fr";"unibet-fr";"y";0;"0";"77"
161;"NetBet";0;1;0;"\N";"\N";"\N";"\N";0;0;"\N";"161";"NetBet";"netbet";"n";0;"0";"0"
162;"STARLOTTOSPORT";0;1;0;"\N";"\N";"\N";"\N";0;0;"\N";"162";"STARLOTTOSPORT";"starlottosport";"n";0;"0";"0"
163;"eFortuna.pl";1;1;0;"\N";"\N";"\N";"\N";1;154;"\N";"163";"eFortuna.pl";"efortuna-pl";"y";0;"0";"154"
164;"iFortuna.sk";1;1;0;"\N";"\N";"\N";"\N";1;171;"\N";"164";"iFortuna.sk";"ifortuna-sk";"y";0;"0";"171"
165;"STS.pl";1;1;0;"\N";"\N";"\N";"\N";1;154;"\N";"165";"STS.pl";"sts-pl";"y";0;"1523872398";"154"
166;"Nike";0;1;0;"\N";"\N";"\N";"\N";0;0;"\N";"166";"Nike";"nike";"n";0;"0";"0"
167;"Teletip";0;1;0;"\N";"\N";"\N";"\N";0;0;"\N";"167";"Teletip";"teletip";"n";0;"0";"0"
168;"Totomix";0;1;0;"\N";"\N";"\N";"\N";0;0;"\N";"168";"Totomix";"totomix";"n";0;"0";"0"
169;"Tipos";0;1;0;"\N";"\N";"\N";"\N";0;0;"\N";"169";"Tipos";"tipos";"n";0;"0";"0"
170;"Milenium";0;1;0;"\N";"\N";"\N";"\N";0;0;"\N";"170";"Milenium";"milenium";"n";0;"0";"0"
171;"Betako";0;1;0;"\N";"\N";"\N";"\N";0;0;"\N";"171";"Betako";"betako";"n";0;"0";"0"
244;"WagerWeb";0;1;0;"\N";"\N";"\N";"\N";0;0;"\N";"244";"WagerWeb";"wagerweb";"n";0;"0";"0"
293;"Nike.sk";0;1;0;"\N";"\N";"\N";"\N";1;171;"\N";"293";"Nike.sk";"nike-sk";"n";0;"0";"171"
302;"SBG Global";0;1;0;"\N";"\N";"\N";"\N";0;0;"\N";"302";"SBG Global";"sbg-global";"n";0;"0";"0"
322;"Eurobet.it";1;1;0;"\N";"\N";"\N";"\N";1;98;"\N";"322";"Eurobet.it";"eurobet-it";"y";0;"1614100978";"98"
366;"Victory Tip";0;1;0;"\N";"\N";"\N";"\N";0;0;"\N";"366";"Victory Tip";"victory-tip";"n";0;"0";"0"
367;"Bet1128.it";0;1;0;"\N";"\N";"\N";"\N";0;0;"\N";"367";"Bet1128.it";"bet1128-it";"n";0;"0";"0"
368;"Globetsport";0;1;0;"\N";"\N";"\N";"\N";0;0;"\N";"368";"Globetsport";"globetsport";"n";0;"0";"0"
369;"Admiral";0;1;0;"\N";"\N";"\N";"\N";0;0;"\N";"369";"Admiral";"admiral";"n";0;"0";"0"
370;"ShilBet";0;1;0;"\N";"\N";"\N";"\N";0;0;"\N";"370";"ShilBet";"shilbet";"n";0;"0";"0"
371;"Kajot bet";0;1;0;"\N";"\N";"\N";"\N";0;0;"\N";"371";"Kajot bet";"kajot-bet";"n";0;"0";"0"
372;"WilliamHill.it";1;1;0;"\N";"\N";"\N";"\N";1;98;"\N";"372";"WilliamHill.it";"williamhill-it";"y";0;"0";"98"
373;"Top Bet";0;1;0;"\N";"\N";"\N";"\N";1;200;"\N";"373";"Top Bet";"top-bet";"n";0;"0";"200"
374;"Interapostas";0;1;0;"\N";"\N";"\N";"\N";1;155;"\N";"374";"Interapostas";"interapostas";"n";0;"0";"155"
375;"Interwetten.it";0;1;0;"\N";"\N";"\N";"\N";1;98;"\N";"375";"Interwetten.it";"interwetten-it";"n";0;"0";"98"
376;"FortunaWin";0;1;0;"\N";"\N";"\N";"\N";0;0;"\N";"376";"FortunaWin";"fortunawin";"n";0;"0";"0"
377;"Bovada";0;1;0;"\N";"\N";"\N";"\N";1;200;"\N";"377";"Bovada";"bovada";"n";0;"0";"200"
378;"TonyBet";0;1;0;"\N";"\N";"\N";"\N";0;0;"\N";"378";"TonyBet";"tonybet";"n";0;"0";"0"
379;"PaddyPower.it";0;1;0;"\N";"\N";"\N";"\N";1;98;"\N";"379";"PaddyPower.it";"paddypower-it";"n";0;"0";"98"
380;"Offsidebet";0;1;0;"\N";"\N";"\N";"\N";0;0;"\N";"380";"Offsidebet";"offsidebet";"n";0;"0";"0"
381;"Marathonbet";0;1;0;"\N";"\N";"\N";"\N";0;0;"\N";"381";"Marathonbet";"marathonbet";"n";0;"0";"0"
382;"Forvetbet";0;1;0;"\N";"\N";"\N";"\N";0;0;"\N";"382";"Forvetbet";"forvetbet";"n";0;"0";"0"
383;"ComeOn";1;1;0;"\N";"\N";"\N";"\N";0;0;"\N";"383";"ComeOn";"comeon";"y";0;"1460709855";"0"
384;"bet-at-home.it";0;1;0;"\N";"\N";"\N";"\N";1;98;"\N";"384";"bet-at-home.it";"bet-at-home-it";"n";0;"0";"98"
385;"SportsBettingOnline";0;1;0;"\N";"\N";"\N";"\N";1;200;"\N";"385";"SportsBettingOnline";"sportsbettingonline";"n";0;"0";"200"
386;"Ucabet";0;1;0;"\N";"\N";"\N";"\N";0;0;"\N";"386";"Ucabet";"ucabet";"n";0;"0";"0"
387;"SportsBetting";0;1;0;"\N";"\N";"\N";"\N";0;0;"\N";"387";"SportsBetting";"sportsbetting";"n";0;"0";"0"
388;"90dakika";0;1;0;"\N";"\N";"\N";"\N";0;0;"\N";"388";"90dakika";"90dakika";"n";0;"0";"0"
389;"Heaven Bet";0;1;0;"\N";"\N";"\N";"\N";0;0;"\N";"389";"Heaven Bet";"heaven-bet";"n";0;"0";"0"
390;"Matchbook";1;0;1;"\N";"\N";"\N";"\N";0;0;"\N";"390";"Matchbook";"matchbook";"y";0;"1366203090";"0"
391;"WSBets";0;1;0;"\N";"\N";"\N";"\N";0;0;"\N";"391";"WSBets";"wsbets";"n";0;"0";"0"
392;"bwin.es";1;1;0;"\N";"\N";"\N";"\N";1;176;"\N";"392";"bwin.es";"bwin-es";"y";0;"0";"176"
393;"Oddsring";0;1;0;"\N";"\N";"\N";"\N";0;0;"\N";"393";"Oddsring";"oddsring";"n";0;"0";"0"
394;"Tipico.it";0;1;0;"\N";"\N";"\N";"\N";1;98;"\N";"394";"Tipico.it";"tipico-it";"n";0;"0";"98"
395;"Tempobet";0;1;0;"\N";"\N";"\N";"\N";0;0;"\N";"395";"Tempobet";"tempobet";"n";0;"0";"0"
396;"Oddset";0;1;0;"\N";"\N";"\N";"\N";0;0;"\N";"396";"Oddset";"oddset";"n";0;"0";"0"
397;"Winline";0;1;0;"\N";"\N";"\N";"\N";1;158;"\N";"397";"Winline";"winline";"n";0;"0";"158"
398;"NetBet.fr";0;1;0;"\N";"\N";"\N";"\N";0;0;"\N";"398";"NetBet.fr";"netbet-fr";"n";0;"0";"0"
399;"Winner";0;1;0;"\N";"\N";"\N";"\N";0;0;"\N";"399";"Winner";"winner";"n";0;"0";"0"
400;"HiperBet";0;1;0;"\N";"\N";"\N";"\N";0;0;"\N";"400";"HiperBet";"hiperbet";"n";0;"0";"0"
401;"mybet.it";0;1;0;"\N";"\N";"\N";"\N";0;0;"\N";"401";"mybet.it";"mybet-it";"n";0;"0";"0"
402;"Hepsibahis";0;1;0;"\N";"\N";"\N";"\N";0;0;"\N";"402";"Hepsibahis";"hepsibahis";"n";0;"0";"0"
403;"Betrally";0;1;0;"\N";"\N";"\N";"\N";0;0;"\N";"403";"Betrally";"betrally";"n";0;"0";"0"
404;"Seaniemac";0;1;0;"\N";"\N";"\N";"\N";0;0;"\N";"404";"Seaniemac";"seaniemac";"n";0;"0";"0"
405;"Bet9";0;1;0;"\N";"\N";"\N";"\N";0;0;"\N";"405";"Bet9";"bet9";"n";0;"0";"0"
406;"Sportium.es";1;1;0;"\N";"\N";"\N";"\N";1;176;"\N";"406";"Sportium.es";"sportium-es";"y";0;"0";"176"
407;"Vistabet.gr";0;1;0;"\N";"\N";"\N";"\N";0;0;"\N";"407";"Vistabet.gr";"vistabet-gr";"n";0;"0";"0"
408;"Sportingbet.gr";0;1;0;"\N";"\N";"\N";"\N";0;0;"\N";"408";"Sportingbet.gr";"sportingbet-gr";"n";0;"0";"0"
409;"Stoiximan";0;1;0;"\N";"\N";"\N";"\N";0;0;"\N";"409";"Stoiximan";"stoiximan";"n";0;"0";"0"
410;"Dhoze";0;1;0;"\N";"\N";"\N";"\N";0;0;"\N";"410";"Dhoze";"dhoze";"n";0;"0";"0"
411;"Tipsport.sk";1;1;0;"\N";"\N";"\N";"\N";1;171;"\N";"411";"Tipsport.sk";"tipsport-sk";"y";0;"0";"171"
412;"BET2BE";0;1;0;"\N";"\N";"\N";"\N";0;0;"\N";"412";"BET2BE";"bet2be";"n";0;"0";"0"
413;"GoBetGo";0;1;0;"\N";"\N";"\N";"\N";0;0;"\N";"413";"GoBetGo";"gobetgo";"n";0;"0";"0"
414;"SAZKAbet.cz";1;1;0;"\N";"\N";"\N";"\N";1;62;"\N";"414";"SAZKAbet.cz";"sazkabet-cz";"y";0;"1491378767";"62"
415;"Dashbet";0;1;0;"\N";"\N";"\N";"\N";0;0;"\N";"415";"Dashbet";"dashbet";"n";0;"0";"0"
416;"18bet";0;1;0;"\N";"\N";"\N";"\N";0;0;"\N";"416";"18bet";"18bet";"n";0;"0";"0"
417;"1xBet";1;1;0;"\N";"\N";"\N";"\N";0;0;"\N";"417";"1xBet";"1xbet";"y";0;"0";"0"
418;"Vernons";0;1;0;"\N";"\N";"\N";"\N";0;0;"\N";"418";"Vernons";"vernons";"n";0;"0";"0"
419;"bet365.it";1;1;0;"\N";"\N";"\N";"\N";1;98;"\N";"419";"bet365.it";"bet365-it";"y";0;"0";"98"
420;"WonOdds";0;1;0;"\N";"\N";"\N";"\N";0;0;"\N";"420";"WonOdds";"wonodds";"n";0;"0";"0"
421;"Betadonis";0;1;0;"\N";"\N";"\N";"\N";0;0;"\N";"421";"Betadonis";"betadonis";"n";0;"0";"0"
422;"5plusbet";0;1;0;"\N";"\N";"\N";"\N";0;0;"\N";"422";"5plusbet";"5plusbet";"n";0;"0";"0"
423;"NetBet.it";0;1;0;"\N";"\N";"\N";"\N";1;98;"\N";"423";"NetBet.it";"netbet-it";"n";0;"0";"98"
424;"138";0;1;0;"\N";"\N";"\N";"\N";0;0;"\N";"424";"138";"138";"n";0;"0";"0"
425;"RealDealBet";0;1;0;"\N";"\N";"\N";"\N";0;0;"\N";"425";"RealDealBet";"realdealbet";"n";0;"0";"0"
426;"OtoBet";0;1;0;"\N";"\N";"\N";"\N";0;0;"\N";"426";"OtoBet";"otobet";"n";0;"0";"0"
427;"VitalBet";0;1;0;"\N";"\N";"\N";"\N";0;0;"\N";"427";"VitalBet";"vitalbet";"n";0;"0";"0"
428;"Kroon Casino";0;1;0;"\N";"\N";"\N";"\N";0;0;"\N";"428";"Kroon Casino";"kroon-casino";"n";0;"0";"0"
429;"Betfair";1;1;0;"\N";"\N";"\N";"\N";0;0;"\N";"429";"Betfair";"betfair";"y";0;"1506606154";"0"
430;"Winmasters";0;1;0;"\N";"\N";"\N";"\N";0;0;"\N";"430";"Winmasters";"winmasters";"n";0;"0";"0"
431;"SuperAposta";0;1;0;"\N";"\N";"\N";"\N";0;0;"\N";"431";"SuperAposta";"superaposta";"n";0;"0";"0"
432;"Bettilt";0;1;0;"\N";"\N";"\N";"\N";0;0;"\N";"432";"Bettilt";"bettilt";"n";0;"0";"0"
433;"Guts";0;1;0;"\N";"\N";"\N";"\N";0;0;"\N";"433";"Guts";"guts";"n";0;"0";"0"
434;"Jojobet";0;1;0;"\N";"\N";"\N";"\N";0;0;"\N";"434";"Jojobet";"jojobet";"n";0;"0";"0"
435;"SportingbetMaster";0;1;0;"\N";"\N";"\N";"\N";0;0;"\N";"435";"SportingbetMaster";"sportingbetmaster";"n";0;"0";"0"
436;"Bet-52";0;1;0;"\N";"\N";"\N";"\N";0;0;"\N";"436";"Bet-52";"bet-52";"n";0;"0";"0"
437;"BizimBahis";0;1;0;"\N";"\N";"\N";"\N";0;0;"\N";"437";"BizimBahis";"bizimbahis";"n";0;"0";"0"
438;"Fortuna.ro";0;1;0;"\N";"\N";"\N";"\N";0;0;"\N";"438";"Fortuna.ro";"fortuna-ro";"n";0;"0";"0"
439;"Restbet";0;1;0;"\N";"\N";"\N";"\N";0;0;"\N";"439";"Restbet";"restbet";"n";0;"0";"0"
440;"Marcaapuestas";0;1;0;"\N";"\N";"\N";"\N";0;0;"\N";"440";"Marcaapuestas";"marcaapuestas";"n";0;"0";"0"
441;"Tipobet";0;1;0;"\N";"\N";"\N";"\N";0;0;"\N";"441";"Tipobet";"tipobet";"n";0;"0";"0"
442;"VonBets";0;1;0;"\N";"\N";"\N";"\N";0;0;"\N";"442";"VonBets";"vonbets";"n";0;"0";"0"
443;"BetWorld";1;1;0;"\N";"\N";"\N";"\N";0;0;"\N";"443";"BetWorld";"betworld";"y";0;"1608192541";"0"
445;"Sekabet";0;1;0;"\N";"\N";"\N";"\N";0;0;"\N";"445";"Sekabet";"sekabet";"n";0;"0";"0"
446;"BetOlimp";0;1;0;"\N";"\N";"\N";"\N";0;0;"\N";"446";"BetOlimp";"betolimp";"n";0;"0";"0"
447;"Betclic.pt";0;1;0;"\N";"\N";"\N";"\N";0;0;"\N";"447";"Betclic.pt";"betclic-pt";"n";0;"0";"0"
448;"Intragame";0;1;0;"\N";"\N";"\N";"\N";0;0;"\N";"448";"Intragame";"intragame";"n";0;"0";"0"
449;"betcart";0;1;0;"\N";"\N";"\N";"\N";0;0;"\N";"449";"betcart";"betcart";"n";0;"0";"0"
450;"Grandbetting";0;1;0;"\N";"\N";"\N";"\N";0;0;"\N";"450";"Grandbetting";"grandbetting";"n";0;"0";"0"
451;"Vulkanbet";0;1;0;"\N";"\N";"\N";"\N";0;0;"\N";"451";"Vulkanbet";"vulkanbet";"n";0;"0";"0"
452;"BetEast";0;1;0;"\N";"\N";"\N";"\N";0;0;"\N";"452";"BetEast";"beteast";"n";0;"0";"0"
453;"1xStavka.ru";1;1;0;"\N";"\N";"\N";"\N";1;158;"\N";"453";"1xStavka.ru";"1xstavka-ru";"y";0;"0";"158"
454;"Winline.ru";1;1;0;"\N";"\N";"\N";"\N";1;158;"\N";"454";"Winline.ru";"winline-ru";"y";0;"0";"158"
455;"Leon.ru";1;1;0;"\N";"\N";"\N";"\N";1;158;"\N";"455";"Leon.ru";"leon-ru";"y";0;"0";"158"
456;"Riccobet";0;1;0;"\N";"\N";"\N";"\N";0;0;"\N";"456";"Riccobet";"riccobet";"n";0;"0";"0"
457;"Luckia.es";0;1;0;"\N";"\N";"\N";"\N";0;0;"\N";"457";"Luckia.es";"luckia-es";"n";0;"0";"0"
458;"BetolimpMaster";0;1;0;"\N";"\N";"\N";"\N";0;0;"\N";"458";"BetolimpMaster";"betolimpmaster";"n";0;"0";"0"
459;"Bet.pt";0;1;0;"\N";"\N";"\N";"\N";0;0;"\N";"459";"Bet.pt";"bet-pt";"n";0;"0";"0"
460;"Tipbet";0;1;0;"\N";"\N";"\N";"\N";0;0;"\N";"460";"Tipbet";"tipbet";"n";0;"0";"0"
461;"MrRingo";0;1;0;"\N";"\N";"\N";"\N";0;0;"\N";"461";"MrRingo";"mrringo";"n";0;"0";"0"
462;"iForBet.pl";0;1;0;"\N";"\N";"\N";"\N";1;154;"\N";"462";"iForBet.pl";"iforbet-pl";"n";0;"0";"154"
463;"Tiplix";0;1;0;"\N";"\N";"\N";"\N";0;0;"\N";"463";"Tiplix";"tiplix";"n";0;"0";"0"
464;"Bethard";1;1;0;"\N";"\N";"\N";"\N";0;0;"\N";"464";"Bethard";"bethard";"y";0;"0";"0"
465;"Winmasters.ro";0;1;0;"\N";"\N";"\N";"\N";0;0;"\N";"465";"Winmasters.ro";"winmasters-ro";"n";0;"0";"0"
466;"Betebet";0;1;0;"\N";"\N";"\N";"\N";0;0;"\N";"466";"Betebet";"betebet";"n";0;"0";"0"
467;"PlanetWin";1;1;0;"\N";"\N";"\N";"\N";1;98;"\N";"467";"PlanetWin";"planetwin";"y";0;"1614097498";"98"
468;"Coolbet";1;1;0;"\N";"\N";"\N";"\N";0;0;"\N";"468";"Coolbet";"coolbet";"y";0;"0";"0"
469;"Babibet";0;1;0;"\N";"\N";"\N";"\N";0;0;"\N";"469";"Babibet";"babibet";"n";0;"0";"0"
470;"Marsbet";0;1;0;"\N";"\N";"\N";"\N";0;0;"\N";"470";"Marsbet";"marsbet";"n";0;"0";"0"
471;"1xBet.kz";0;1;0;"\N";"\N";"\N";"\N";0;0;"\N";"471";"1xBet.kz";"1xbet-kz";"n";0;"0";"0"
472;"Totolotek.pl";1;1;0;"\N";"\N";"\N";"\N";1;154;"\N";"472";"Totolotek.pl";"totolotek-pl";"y";0;"0";"154"
473;"ScandiBet";0;1;0;"\N";"\N";"\N";"\N";0;0;"\N";"473";"ScandiBet";"scandibet";"n";0;"0";"0"
474;"TestingOnly";0;1;0;"\N";"\N";"\N";"\N";0;0;"\N";"474";"TestingOnly";"testingonly";"n";0;"0";"0"
475;"Betser";0;1;0;"\N";"\N";"\N";"\N";0;0;"\N";"475";"Betser";"betser";"n";0;"0";"0"
476;"Asianodds";1;1;0;"\N";"\N";"\N";"\N";0;0;"\N";"476";"Asianodds";"asianodds";"y";0;"1505223620";"0"
477;"Betmoon";0;1;0;"\N";"\N";"\N";"\N";0;0;"\N";"477";"Betmoon";"betmoon";"n";0;"0";"0"
478;"Dotabet";0;1;0;"\N";"\N";"\N";"\N";0;0;"\N";"478";"Dotabet";"dotabet";"n";0;"0";"0"
479;"Mobilbahis";0;1;0;"\N";"\N";"\N";"\N";0;0;"\N";"479";"Mobilbahis";"mobilbahis";"n";0;"0";"0"
480;"Truvabet";0;1;0;"\N";"\N";"\N";"\N";0;0;"\N";"480";"Truvabet";"truvabet";"n";0;"0";"0"
481;"BetCity.ru";0;1;0;"\N";"\N";"\N";"\N";0;0;"\N";"481";"BetCity.ru";"betcity-ru";"n";0;"0";"0"
482;"BetCity";0;1;0;"\N";"\N";"\N";"\N";0;0;"\N";"482";"BetCity";"betcity";"n";0;"0";"0"
483;"Inkabet.pe";0;1;0;"\N";"\N";"\N";"\N";0;0;"\N";"483";"Inkabet.pe";"inkabet-pe";"n";0;"0";"0"
484;"ParionsSport";0;1;0;"\N";"\N";"\N";"\N";0;0;"\N";"484";"ParionsSport";"parionssport";"n";0;"0";"0"
485;"Smarkets";0;0;1;"\N";"\N";"\N";"\N";0;0;"\N";"485";"Smarkets";"smarkets";"n";0;"0";"0"
486;"Olimp.bet";0;1;0;"\N";"\N";"\N";"\N";0;0;"\N";"486";"Olimp.bet";"olimp-bet";"n";0;"0";"0"
487;"Betpas";0;1;0;"\N";"\N";"\N";"\N";0;0;"\N";"487";"Betpas";"betpas";"n";0;"0";"0"
488;"Bahis Arena";0;1;0;"\N";"\N";"\N";"\N";0;0;"\N";"488";"Bahis Arena";"bahis-arena";"n";0;"0";"0"
489;"Starvegas.it";0;1;0;"\N";"\N";"\N";"\N";0;0;"\N";"489";"Starvegas.it";"starvegas-it";"n";0;"0";"0"
490;"Bwin.dk";0;1;0;"\N";"\N";"\N";"\N";0;0;"\N";"490";"Bwin.dk";"bwin-dk";"n";0;"0";"0"
491;"Parimatch";0;1;0;"\N";"\N";"\N";"\N";0;0;"\N";"491";"Parimatch";"parimatch";"n";0;"0";"0"
492;"NightRush";0;1;0;"\N";"\N";"\N";"\N";0;0;"\N";"492";"NightRush";"nightrush";"n";0;"0";"0"
493;"europebet";0;1;0;"\N";"\N";"\N";"\N";0;0;"\N";"493";"europebet";"europebet";"n";0;"0";"0"
494;"Efbet";0;1;0;"\N";"\N";"\N";"\N";0;0;"\N";"494";"Efbet";"efbet";"n";0;"0";"0"
495;"CasinoEstoril";0;1;0;"\N";"\N";"\N";"\N";0;0;"\N";"495";"CasinoEstoril";"casinoestoril";"n";0;"0";"0"
496;"MarathonbetTest";0;1;0;"\N";"\N";"\N";"\N";0;0;"\N";"496";"MarathonbetTest";"marathonbettest";"n";0;"0";"0"
497;"Ligastavok";0;1;0;"\N";"\N";"\N";"\N";0;0;"\N";"497";"Ligastavok";"ligastavok";"n";0;"0";"0"
498;"TippmixPro";0;1;0;"\N";"\N";"\N";"\N";0;0;"\N";"498";"TippmixPro";"tippmixpro";"n";0;"0";"0"
499;"Betstars";0;1;0;"\N";"\N";"\N";"\N";0;0;"\N";"499";"Betstars";"betstars";"n";0;"0";"0"
500;"22Bet";0;1;0;"\N";"\N";"\N";"\N";0;0;"\N";"500";"22Bet";"22bet";"n";0;"0";"0"
501;"SportPesa.it";0;1;0;"\N";"\N";"\N";"\N";0;0;"\N";"501";"SportPesa.it";"sportpesa-it";"n";0;"0";"0"
502;"Lvbet.pl";0;1;0;"\N";"\N";"\N";"\N";0;0;"\N";"502";"Lvbet.pl";"lvbet-pl";"n";0;"0";"0"
503;"Nairabet";0;1;0;"\N";"\N";"\N";"\N";0;0;"\N";"503";"Nairabet";"nairabet";"n";0;"0";"0"
504;"Sportimba";0;1;0;"\N";"\N";"\N";"\N";0;0;"\N";"504";"Sportimba";"sportimba";"n";0;"0";"0"
505;"Marsbahis";0;1;0;"\N";"\N";"\N";"\N";0;0;"\N";"505";"Marsbahis";"marsbahis";"n";0;"0";"0"
506;"Betfarm";0;1;0;"\N";"\N";"\N";"\N";0;0;"\N";"506";"Betfarm";"betfarm";"n";0;"0";"0"
507;"Betsafe.lv";0;1;0;"\N";"\N";"\N";"\N";0;0;"\N";"507";"Betsafe.lv";"betsafe-lv";"n";0;"0";"0"
508;"Betsafe.ee";0;1;0;"\N";"\N";"\N";"\N";0;0;"\N";"508";"Betsafe.ee";"betsafe-ee";"n";0;"0";"0"
509;"Bet9ja";0;1;0;"\N";"\N";"\N";"\N";0;0;"\N";"509";"Bet9ja";"bet9ja";"n";0;"0";"0"
510;"betin.ug";0;1;0;"\N";"\N";"\N";"\N";0;0;"\N";"510";"betin.ug";"betin-ug";"n";0;"0";"0"
511;"betin.ke";0;1;0;"\N";"\N";"\N";"\N";0;0;"\N";"511";"betin.ke";"betin-ke";"n";0;"0";"0"
512;"Betsafe.lt";0;1;0;"\N";"\N";"\N";"\N";0;0;"\N";"512";"Betsafe.lt";"betsafe-lt";"n";0;"0";"0"
513;"Supabets";0;1;0;"\N";"\N";"\N";"\N";0;0;"\N";"513";"Supabets";"supabets";"n";0;"0";"0"
514;"BetJoe";0;1;0;"\N";"\N";"\N";"\N";0;0;"\N";"514";"BetJoe";"betjoe";"n";0;"0";"0"
515;"Kwikbet.co.ke";0;1;0;"\N";"\N";"\N";"\N";0;0;"\N";"515";"Kwikbet.co.ke";"kwikbet-co-ke";"n";0;"0";"0"
516;"Betano";0;1;0;"\N";"\N";"\N";"\N";0;0;"\N";"516";"Betano";"betano";"n";0;"0";"0"
517;"Profitbet";0;1;0;"\N";"\N";"\N";"\N";0;0;"\N";"517";"Profitbet";"profitbet";"n";0;"0";"0"
518;"SupabetsZA";0;1;0;"\N";"\N";"\N";"\N";0;0;"\N";"518";"SupabetsZA";"supabetsza";"n";0;"0";"0"
519;"GSB.com.ug";0;1;0;"\N";"\N";"\N";"\N";0;0;"\N";"519";"GSB.com.ug";"gsb-com-ug";"n";0;"0";"0"
520;"KTO";0;1;0;"\N";"\N";"\N";"\N";0;0;"\N";"520";"KTO";"kto";"n";0;"0";"0"
521;"Sportingbet.co.za";0;1;0;"\N";"\N";"\N";"\N";0;0;"\N";"521";"Sportingbet.co.za";"sportingbet-co-za";"n";0;"0";"0"
522;"WSB.co.za";0;1;0;"\N";"\N";"\N";"\N";0;0;"\N";"522";"WSB.co.za";"wsb-co-za";"n";0;"0";"0"
523;"Wplay";0;1;0;"\N";"\N";"\N";"\N";0;0;"\N";"523";"Wplay";"wplay";"n";0;"0";"0"
524;"Zamba.co";0;1;0;"\N";"\N";"\N";"\N";0;0;"\N";"524";"Zamba.co";"zamba-co";"n";0;"0";"0"
525;"Betrally India";0;1;0;"\N";"\N";"\N";"\N";0;0;"\N";"525";"Betrally India";"betrally-india";"n";0;"0";"0"
526;"Speedybet";0;1;0;"\N";"\N";"\N";"\N";0;0;"\N";"526";"Speedybet";"speedybet";"n";0;"0";"0"
527;"Parimatch.ru";0;1;0;"\N";"\N";"\N";"\N";0;0;"\N";"527";"Parimatch.ru";"parimatch-ru";"n";0;"0";"0"
528;"Snabbare";0;1;0;"\N";"\N";"\N";"\N";0;0;"\N";"528";"Snabbare";"snabbare";"n";0;"0";"0"
529;"Hajper";0;1;0;"\N";"\N";"\N";"\N";0;0;"\N";"529";"Hajper";"hajper";"n";0;"0";"0"
530;"Vivelasuerte";0;1;0;"\N";"\N";"\N";"\N";0;0;"\N";"530";"Vivelasuerte";"vivelasuerte";"n";0;"0";"0"
531;"Marathonbet.ru";0;1;0;"\N";"\N";"\N";"\N";1;158;"\N";"531";"Marathonbet.ru";"marathonbet-ru";"n";0;"0";"158"
532;"Doradobet";0;1;0;"\N";"\N";"\N";"\N";0;0;"\N";"532";"Doradobet";"doradobet";"n";0;"0";"0"
533;"Betway Africa";0;1;0;"\N";"\N";"\N";"\N";0;0;"\N";"533";"Betway Africa";"betway-africa";"n";0;"0";"0"
534;"Supersport";0;1;0;"\N";"\N";"\N";"\N";0;0;"\N";"534";"Supersport";"supersport";"n";0;"0";"0"
535;"MrGreen";0;1;0;"\N";"\N";"\N";"\N";0;0;"\N";"535";"MrGreen";"mrgreen";"n";0;"0";"0"
536;"Betbiga";0;1;0;"\N";"\N";"\N";"\N";0;0;"\N";"536";"Betbiga";"betbiga";"n";0;"0";"0"
537;"1bet";0;1;0;"\N";"\N";"\N";"\N";0;0;"\N";"537";"1bet";"1bet";"n";0;"0";"0"
538;"Parimatchtz";0;1;0;"\N";"\N";"\N";"\N";0;0;"\N";"538";"Parimatchtz";"parimatchtz";"n";0;"0";"0"
539;"Betclic.pl";0;1;0;"\N";"\N";"\N";"\N";0;0;"\N";"539";"Betclic.pl";"betclic-pl";"n";0;"0";"0"
540;"10cric";0;1;0;"\N";"\N";"\N";"\N";0;0;"\N";"540";"10cric";"10cric";"n";0;"0";"0"
541;"Rushbet.co";0;1;0;"\N";"\N";"\N";"\N";0;0;"\N";"541";"Rushbet.co";"rushbet-co";"n";0;"0";"0"
542;"Fortebet";0;1;0;"\N";"\N";"\N";"\N";0;0;"\N";"542";"Fortebet";"fortebet";"n";0;"0";"0"
543;"Betago";0;1;0;"\N";"\N";"\N";"\N";0;0;"\N";"543";"Betago";"betago";"n";0;"0";"0"
544;"Betika";0;1;0;"\N";"\N";"\N";"\N";0;0;"\N";"544";"Betika";"betika";"n";0;"0";"0"
545;"Betano.pt";0;1;0;"\N";"\N";"\N";"\N";0;0;"\N";"545";"Betano.pt";"betano-pt";"n";0;"0";"0"
546;"Kirolbet";0;1;0;"\N";"\N";"\N";"\N";0;0;"\N";"546";"Kirolbet";"kirolbet";"n";0;"0";"0"
547;"Fonbet.kz";0;1;0;"\N";"\N";"\N";"\N";0;0;"\N";"547";"Fonbet.kz";"fonbet-kz";"n";0;"0";"0"
548;"Domusbet";0;1;0;"\N";"\N";"\N";"\N";0;0;"\N";"548";"Domusbet";"domusbet";"n";0;"0";"0"
549;"bet365.nj";0;1;0;"\N";"\N";"\N";"\N";0;0;"\N";"549";"bet365.nj";"bet365-nj";"n";0;"0";"0"
550;"GGBET";1;1;0;"\N";"\N";"\N";"\N";0;0;"\N";"550";"GGBET";"ggbet";"y";0;"1574259900";"0"
551;"Luckia.pt";0;1;0;"\N";"\N";"\N";"\N";0;0;"\N";"551";"Luckia.pt";"luckia-pt";"n";0;"0";"0"
552;"BetAlfa.co";0;1;0;"\N";"\N";"\N";"\N";0;0;"\N";"552";"BetAlfa.co";"betalfa-co";"n";0;"0";"0"
553;"Circus.pe";0;1;0;"\N";"\N";"\N";"\N";0;0;"\N";"553";"Circus.pe";"circus-pe";"n";0;"0";"0"
554;"Betfan.pl_old";0;1;0;"\N";"\N";"\N";"\N";0;0;"\N";"554";"Betfan.pl_old";"betfan-pl_old";"n";0;"0";"0"
555;"Toto.nederlandse";0;1;0;"\N";"\N";"\N";"\N";0;0;"\N";"555";"Toto.nederlandse";"toto-nederlandse";"n";0;"0";"0"
556;"BetjuegoOld";0;1;0;"\N";"\N";"\N";"\N";0;0;"\N";"556";"BetjuegoOld";"betjuegoold";"n";0;"0";"0"
557;"Totonederlandse";0;1;0;"\N";"\N";"\N";"\N";0;0;"\N";"557";"Totonederlandse";"totonederlandse";"n";0;"0";"0"
558;"GGBET.ru";1;1;0;"\N";"\N";"\N";"\N";1;158;"\N";"558";"GGBET.ru";"ggbet-ru";"y";0;"1580983413";"158"
559;"X-bet.co";0;1;0;"\N";"\N";"\N";"\N";0;0;"\N";"559";"X-bet.co";"x-bet-co";"n";0;"0";"0"
560;"Topaz.az";0;1;0;"\N";"\N";"\N";"\N";0;0;"\N";"560";"Topaz.az";"topaz-az";"n";0;"0";"0"
561;"Olimpbet.kz";0;1;0;"\N";"\N";"\N";"\N";0;0;"\N";"561";"Olimpbet.kz";"olimpbet-kz";"n";0;"0";"0"
562;"Yajuego";0;1;0;"\N";"\N";"\N";"\N";0;0;"\N";"562";"Yajuego";"yajuego";"n";0;"0";"0"
563;"Bwin.ru";0;1;0;"\N";"\N";"\N";"\N";0;0;"\N";"563";"Bwin.ru";"bwin-ru";"n";0;"0";"0"
564;"unibet.nj";0;1;0;"\N";"\N";"\N";"\N";0;0;"\N";"564";"unibet.nj";"unibet-nj";"n";0;"0";"0"
565;"BetAndYou";0;1;0;"\N";"\N";"\N";"\N";0;0;"\N";"565";"BetAndYou";"betandyou";"n";0;"0";"0"
566;"Placard";0;1;0;"\N";"\N";"\N";"\N";0;0;"\N";"566";"Placard";"placard";"n";0;"0";"0"
567;"BetBoom";0;1;0;"\N";"\N";"\N";"\N";0;0;"\N";"567";"BetBoom";"betboom";"n";0;"0";"0"
568;"Bilyoner";0;1;0;"\N";"\N";"\N";"\N";0;0;"\N";"568";"Bilyoner";"bilyoner";"n";0;"0";"0"
569;"Pzbukpl";0;1;0;"\N";"\N";"\N";"\N";0;0;"\N";"569";"Pzbukpl";"pzbukpl";"n";0;"0";"0"
570;"Sts.bet.com";0;1;0;"\N";"\N";"\N";"\N";0;0;"\N";"570";"Sts.bet.com";"sts-bet-com";"n";0;"0";"0"
571;"Sts.co.uk";0;1;0;"\N";"\N";"\N";"\N";0;0;"\N";"571";"Sts.co.uk";"sts-co-uk";"n";0;"0";"0"
572;"Betfan.pl";0;1;0;"\N";"\N";"\N";"\N";0;0;"\N";"572";"Betfan.pl";"betfan-pl";"n";0;"0";"0"
573;"MELbet";1;1;0;"\N";"\N";"\N";"\N";0;0;"\N";"573";"MELbet";"melbet";"y";0;"1601648473";"0"
574;"Betano.br";0;1;0;"\N";"\N";"\N";"\N";0;0;"\N";"574";"Betano.br";"betano-br";"n";0;"0";"0"
575;"BetInAsia";1;1;0;"\N";"\N";"\N";"\N";0;0;"\N";"575";"BetInAsia";"betinasia";"y";0;"1609513668";"0"
576;"Fastbet";0;1;0;"\N";"\N";"\N";"\N";0;0;"\N";"576";"Fastbet";"fastbet";"n";0;"0";"0"
577;"Betsensation";1;1;0;"\N";"\N";"\N";"\N";0;0;"\N";"577";"Betsensation";"betsensation";"y";0;"1610984057";"0"
578;"Betmaster";1;1;0;"\N";"\N";"\N";"\N";0;0;"\N";"578";"Betmaster";"betmaster";"y";0;"1614252097";"0"
579;"BetPlanet";0;1;0;"\N";"\N";"\N";"\N";0;0;"\N";"579";"BetPlanet";"betplanet";"n";0;"0";"0"
581;"10x10bet";1;1;0;"\N";"\N";"\N";"\N";0;0;"\N";"581";"10x10bet";"10x10bet";"y";1;"1617634531";"0"
582;"Soccabet";0;1;0;"\N";"\N";"\N";"\N";0;0;"\N";"582";"Soccabet";"soccabet";"n";0;"0";"0"